{
    "img_20221225_024503.jpg": {
        "Count": 1,
        "Predict": [
            [
                2555.0,
                2863.0,
                2850.0,
                3032.0,
                0.9092710018157959
            ]
        ],
        "Time": 1.1562180519104004,
        "Avg CPU": 16.15833333333333,
        "Std dev CPU": 5.145953102519817,
        "Max memory": 22.8
    },
    "img_20230103_234504.jpg": {
        "Count": 2,
        "Predict": [
            [
                477.0,
                1509.0,
                693.0,
                1781.0,
                0.838437557220459
            ]
        ],
        "Time": 1.069277048110962,
        "Avg CPU": 17.672727272727272,
        "Std dev CPU": 1.2067235881434568,
        "Max memory": 22.8
    },
    "img_20230109_050005.jpg": {
        "Count": 3,
        "Predict": [
            [
                1570.0,
                3152.0,
                1968.0,
                3312.0,
                0.8707609176635742
            ]
        ],
        "Time": 1.0687482357025146,
        "Avg CPU": 17.581818181818182,
        "Std dev CPU": 1.3782729641244384,
        "Max memory": 22.8
    },
    "img_20230104_200004.jpg": {
        "Count": 4,
        "Predict": [
            [
                3663.0,
                1733.0,
                3792.0,
                2020.0,
                0.7966444492340088
            ]
        ],
        "Time": 1.0690464973449707,
        "Avg CPU": 17.49090909090909,
        "Std dev CPU": 1.5668149510740226,
        "Max memory": 22.9
    },
    "img_20230104_021503.jpg": {
        "Count": 5,
        "Predict": [
            [
                2112.0,
                618.0,
                2487.0,
                786.0,
                0.8835326433181763
            ]
        ],
        "Time": 1.0689187049865723,
        "Avg CPU": 17.599999999999998,
        "Std dev CPU": 1.4498275759551553,
        "Max memory": 22.9
    },
    "img_20230108_234503.jpg": {
        "Count": 6,
        "Predict": [
            [
                2600.0,
                3071.0,
                2961.0,
                3227.0,
                0.9098425507545471
            ]
        ],
        "Time": 1.0694584846496582,
        "Avg CPU": 17.581818181818182,
        "Std dev CPU": 1.5917400427319672,
        "Max memory": 22.9
    },
    "img_20230106_200005.jpg": {
        "Count": 7,
        "Predict": [
            [
                3280.0,
                3103.0,
                3656.0,
                3250.0,
                0.8779696226119995
            ]
        ],
        "Time": 1.0714285373687744,
        "Avg CPU": 17.854545454545455,
        "Std dev CPU": 1.3988306805068558,
        "Max memory": 22.9
    },
    "img_20230109_054503.jpg": {
        "Count": 8,
        "Predict": [
            [
                571.0,
                2466.0,
                808.0,
                2720.0,
                0.8731480836868286
            ]
        ],
        "Time": 1.0704448223114014,
        "Avg CPU": 17.78181818181818,
        "Std dev CPU": 1.836746134781931,
        "Max memory": 22.9
    },
    "img_20230107_184503.jpg": {
        "Count": 9,
        "Predict": [
            [
                3266.0,
                1935.0,
                3448.0,
                2260.0,
                0.8512532711029053
            ]
        ],
        "Time": 1.0684361457824707,
        "Avg CPU": 17.599999999999998,
        "Std dev CPU": 1.2798437404620926,
        "Max memory": 22.9
    },
    "img_20221228_213004.jpg": {
        "Count": 10,
        "Predict": [
            [
                3480.0,
                3241.0,
                3706.0,
                3432.0,
                0.7042982578277588
            ]
        ],
        "Time": 1.0695703029632568,
        "Avg CPU": 17.427272727272726,
        "Std dev CPU": 1.6637853882582996,
        "Max memory": 22.9
    },
    "Load model": {
        "Avg CPU": 10.1,
        "Std dev CPU": 0.0,
        "Max memory": 18.7,
        "Load time": 0.34801220893859863
    },
    "total execution time": 19.711000204086304
}