{
    "img_20221225_024503.jpg": {
        "Count": 1,
        "Predict": [
            [
                2555.0,
                2863.0,
                2850.0,
                3032.0,
                0.9092710018157959
            ]
        ],
        "Time": 1.1500580310821533,
        "Avg CPU": 17.758333333333333,
        "Std dev CPU": 2.5209876611913016,
        "Max memory": 22.2
    },
    "img_20230103_234504.jpg": {
        "Count": 2,
        "Predict": [
            [
                477.0,
                1509.0,
                693.0,
                1781.0,
                0.838437557220459
            ]
        ],
        "Time": 1.057102918624878,
        "Avg CPU": 17.28181818181818,
        "Std dev CPU": 1.4837912129529423,
        "Max memory": 22.3
    },
    "img_20230109_050005.jpg": {
        "Count": 3,
        "Predict": [
            [
                1570.0,
                3152.0,
                1968.0,
                3312.0,
                0.8707609176635742
            ]
        ],
        "Time": 1.0578129291534424,
        "Avg CPU": 17.527272727272727,
        "Std dev CPU": 1.4276490528774288,
        "Max memory": 22.3
    },
    "img_20230104_200004.jpg": {
        "Count": 4,
        "Predict": [
            [
                3663.0,
                1733.0,
                3792.0,
                2020.0,
                0.7966444492340088
            ]
        ],
        "Time": 1.0538785457611084,
        "Avg CPU": 17.59090909090909,
        "Std dev CPU": 1.6525462447112012,
        "Max memory": 22.4
    },
    "img_20230104_021503.jpg": {
        "Count": 5,
        "Predict": [
            [
                2112.0,
                618.0,
                2487.0,
                786.0,
                0.8835326433181763
            ]
        ],
        "Time": 1.0580921173095703,
        "Avg CPU": 17.654545454545453,
        "Std dev CPU": 1.2027997641865718,
        "Max memory": 22.4
    },
    "img_20230108_234503.jpg": {
        "Count": 6,
        "Predict": [
            [
                2600.0,
                3071.0,
                2961.0,
                3227.0,
                0.9098425507545471
            ]
        ],
        "Time": 1.0545570850372314,
        "Avg CPU": 17.727272727272727,
        "Std dev CPU": 1.5569784257278003,
        "Max memory": 22.4
    },
    "img_20230106_200005.jpg": {
        "Count": 7,
        "Predict": [
            [
                3280.0,
                3103.0,
                3656.0,
                3250.0,
                0.8779696226119995
            ]
        ],
        "Time": 1.056577444076538,
        "Avg CPU": 17.79090909090909,
        "Std dev CPU": 1.3194351408497091,
        "Max memory": 22.4
    },
    "img_20230109_054503.jpg": {
        "Count": 8,
        "Predict": [
            [
                571.0,
                2466.0,
                808.0,
                2720.0,
                0.8731480836868286
            ]
        ],
        "Time": 1.056945562362671,
        "Avg CPU": 17.454545454545453,
        "Std dev CPU": 1.624415978968218,
        "Max memory": 22.4
    },
    "img_20230107_184503.jpg": {
        "Count": 9,
        "Predict": [
            [
                3266.0,
                1935.0,
                3448.0,
                2260.0,
                0.8512532711029053
            ]
        ],
        "Time": 1.0567436218261719,
        "Avg CPU": 17.318181818181817,
        "Std dev CPU": 1.3013978498661984,
        "Max memory": 22.4
    },
    "img_20221228_213004.jpg": {
        "Count": 10,
        "Predict": [
            [
                3480.0,
                3241.0,
                3706.0,
                3432.0,
                0.7042982578277588
            ]
        ],
        "Time": 1.0567646026611328,
        "Avg CPU": 17.49090909090909,
        "Std dev CPU": 1.5286952249906096,
        "Max memory": 22.4
    },
    "Load model": {
        "Avg CPU": 9.2,
        "Std dev CPU": 0.0,
        "Max memory": 18.2,
        "Load time": 0.41683173179626465
    },
    "total execution time": 19.952478885650635
}