{
    "img_20230109_050005.jpg": {
        "Count": 1,
        "Predict": [
            [
                1574.0,
                3150.0,
                1971.0,
                3312.0,
                0.8709758520126343
            ]
        ],
        "Time": 3.4483089447021484,
        "Avg CPU": 29.99411764705882,
        "Std dev CPU": 13.5828309892566,
        "Max memory": 62.2
    },
    "img_20230103_234504.jpg": {
        "Count": 2,
        "Predict": [
            [
                477.0,
                1509.0,
                693.0,
                1781.0,
                0.8384101390838623
            ]
        ],
        "Time": 3.2610535621643066,
        "Avg CPU": 26.41875,
        "Std dev CPU": 1.8724552623967867,
        "Max memory": 62.8
    },
    "img_20230109_054503.jpg": {
        "Count": 3,
        "Predict": [
            [
                571.0,
                2465.0,
                808.0,
                2719.0,
                0.8731251358985901
            ]
        ],
        "Time": 3.287994384765625,
        "Avg CPU": 27.78181818181818,
        "Std dev CPU": 5.713386394329469,
        "Max memory": 64.3
    },
    "img_20230104_200004.jpg": {
        "Count": 4,
        "Predict": [
            [
                3664.0,
                1733.0,
                3793.0,
                2020.0,
                0.7970269918441772
            ]
        ],
        "Time": 3.2927849292755127,
        "Avg CPU": 26.333333333333332,
        "Std dev CPU": 1.3071119564393354,
        "Max memory": 63.5
    },
    "img_20221228_213004.jpg": {
        "Count": 5,
        "Predict": [
            [
                3480.0,
                3241.0,
                3706.0,
                3432.0,
                0.7043997049331665
            ]
        ],
        "Time": 3.285834789276123,
        "Avg CPU": 26.296969696969697,
        "Std dev CPU": 1.073977667506653,
        "Max memory": 62.9
    },
    "img_20221225_024503.jpg": {
        "Count": 6,
        "Predict": [
            [
                2554.0,
                2862.0,
                2849.0,
                3031.0,
                0.9092763066291809
            ]
        ],
        "Time": 3.2844491004943848,
        "Avg CPU": 26.24848484848485,
        "Std dev CPU": 1.5718462894239238,
        "Max memory": 63.2
    },
    "img_20230104_021503.jpg": {
        "Count": 7,
        "Predict": [
            [
                2112.0,
                618.0,
                2487.0,
                786.0,
                0.8834937810897827
            ]
        ],
        "Time": 3.2870190143585205,
        "Avg CPU": 26.09090909090909,
        "Std dev CPU": 1.2585615887700026,
        "Max memory": 62.9
    },
    "img_20230107_184503.jpg": {
        "Count": 8,
        "Predict": [
            [
                3267.0,
                1935.0,
                3449.0,
                2260.0,
                0.8512215614318848
            ]
        ],
        "Time": 3.232276678085327,
        "Avg CPU": 26.171875,
        "Std dev CPU": 1.245957171893781,
        "Max memory": 63.2
    },
    "img_20230106_200005.jpg": {
        "Count": 9,
        "Predict": [
            [
                3279.0,
                3104.0,
                3655.0,
                3251.0,
                0.8779553174972534
            ]
        ],
        "Time": 3.2561049461364746,
        "Avg CPU": 26.028125,
        "Std dev CPU": 1.2152881975999796,
        "Max memory": 63.2
    },
    "img_20230108_234503.jpg": {
        "Count": 10,
        "Predict": [
            [
                2600.0,
                3071.0,
                2960.0,
                3227.0,
                0.9098290801048279
            ]
        ],
        "Time": 3.1930601596832275,
        "Avg CPU": 26.30625,
        "Std dev CPU": 1.5807179871307564,
        "Max memory": 63.3
    },
    "Load model": {
        "Avg CPU": 0.0,
        "Std dev CPU": 0.0,
        "Max memory": 44.8,
        "Load time": 0.4815340042114258
    },
    "total execution time": 48.074817419052124
}