{
    "img_20221225_024503.jpg": {
        "Count": 1,
        "Predict": [
            [
                2554.0,
                2862.0,
                2849.0,
                3031.0,
                0.9092763066291809
            ]
        ],
        "Time": 1.1569206714630127,
        "Avg CPU": 15.841666666666665,
        "Std dev CPU": 5.072108819691064,
        "Max memory": 23.1
    },
    "img_20230103_234504.jpg": {
        "Count": 2,
        "Predict": [
            [
                477.0,
                1509.0,
                693.0,
                1781.0,
                0.8384101390838623
            ]
        ],
        "Time": 1.072514533996582,
        "Avg CPU": 17.8,
        "Std dev CPU": 1.4254823744964373,
        "Max memory": 23.2
    },
    "img_20230109_050005.jpg": {
        "Count": 3,
        "Predict": [
            [
                1574.0,
                3150.0,
                1971.0,
                3312.0,
                0.8709758520126343
            ]
        ],
        "Time": 1.0737807750701904,
        "Avg CPU": 17.71818181818182,
        "Std dev CPU": 1.4441732457140888,
        "Max memory": 23.3
    },
    "img_20230104_200004.jpg": {
        "Count": 4,
        "Predict": [
            [
                3664.0,
                1733.0,
                3793.0,
                2020.0,
                0.7970269918441772
            ]
        ],
        "Time": 1.0707428455352783,
        "Avg CPU": 17.71818181818182,
        "Std dev CPU": 1.3481974497959726,
        "Max memory": 23.3
    },
    "img_20230104_021503.jpg": {
        "Count": 5,
        "Predict": [
            [
                2112.0,
                618.0,
                2487.0,
                786.0,
                0.8834937810897827
            ]
        ],
        "Time": 1.0728991031646729,
        "Avg CPU": 17.536363636363635,
        "Std dev CPU": 1.5970427215780594,
        "Max memory": 23.4
    },
    "img_20230108_234503.jpg": {
        "Count": 6,
        "Predict": [
            [
                2600.0,
                3071.0,
                2960.0,
                3227.0,
                0.9098290801048279
            ]
        ],
        "Time": 1.0726640224456787,
        "Avg CPU": 17.736363636363635,
        "Std dev CPU": 1.4389390030663063,
        "Max memory": 23.4
    },
    "img_20230106_200005.jpg": {
        "Count": 7,
        "Predict": [
            [
                3279.0,
                3104.0,
                3655.0,
                3251.0,
                0.8779553174972534
            ]
        ],
        "Time": 1.073352336883545,
        "Avg CPU": 17.509090909090908,
        "Std dev CPU": 1.7946891348947012,
        "Max memory": 23.4
    },
    "img_20230109_054503.jpg": {
        "Count": 8,
        "Predict": [
            [
                571.0,
                2465.0,
                808.0,
                2719.0,
                0.8731251358985901
            ]
        ],
        "Time": 1.0728766918182373,
        "Avg CPU": 17.818181818181817,
        "Std dev CPU": 1.3467131705141833,
        "Max memory": 23.4
    },
    "img_20230107_184503.jpg": {
        "Count": 9,
        "Predict": [
            [
                3267.0,
                1935.0,
                3449.0,
                2260.0,
                0.8512215614318848
            ]
        ],
        "Time": 1.0696396827697754,
        "Avg CPU": 17.636363636363637,
        "Std dev CPU": 1.6590797010829397,
        "Max memory": 23.4
    },
    "img_20221228_213004.jpg": {
        "Count": 10,
        "Predict": [
            [
                3480.0,
                3241.0,
                3706.0,
                3432.0,
                0.7043997049331665
            ]
        ],
        "Time": 1.074901819229126,
        "Avg CPU": 17.763636363636362,
        "Std dev CPU": 1.4410223643460416,
        "Max memory": 23.4
    },
    "Load model": {
        "Avg CPU": 0.0,
        "Std dev CPU": 0.0,
        "Max memory": 19.0,
        "Load time": 0.09519124031066895
    },
    "total execution time": 19.491155862808228
}