{
    "img_20221225_024503.jpg": {
        "Count": 1,
        "Predict": [
            [
                2554.0,
                2862.0,
                2849.0,
                3031.0,
                0.9092763066291809
            ]
        ],
        "Time": 1.158132791519165,
        "Avg CPU": 17.041666666666664,
        "Std dev CPU": 6.727076676094945,
        "Max memory": 22.5
    },
    "img_20230103_234504.jpg": {
        "Count": 2,
        "Predict": [
            [
                477.0,
                1509.0,
                693.0,
                1781.0,
                0.8384101390838623
            ]
        ],
        "Time": 1.0728185176849365,
        "Avg CPU": 17.754545454545454,
        "Std dev CPU": 1.2762159976772247,
        "Max memory": 22.7
    },
    "img_20230109_050005.jpg": {
        "Count": 3,
        "Predict": [
            [
                1574.0,
                3150.0,
                1971.0,
                3312.0,
                0.8709758520126343
            ]
        ],
        "Time": 1.0708880424499512,
        "Avg CPU": 17.636363636363637,
        "Std dev CPU": 1.6120004511616786,
        "Max memory": 22.8
    },
    "img_20230104_200004.jpg": {
        "Count": 4,
        "Predict": [
            [
                3664.0,
                1733.0,
                3793.0,
                2020.0,
                0.7970269918441772
            ]
        ],
        "Time": 1.0727570056915283,
        "Avg CPU": 17.736363636363635,
        "Std dev CPU": 1.3959030964022743,
        "Max memory": 22.8
    },
    "img_20230104_021503.jpg": {
        "Count": 5,
        "Predict": [
            [
                2112.0,
                618.0,
                2487.0,
                786.0,
                0.8834937810897827
            ]
        ],
        "Time": 1.0819685459136963,
        "Avg CPU": 20.854545454545455,
        "Std dev CPU": 10.36902730600741,
        "Max memory": 22.9
    },
    "img_20230108_234503.jpg": {
        "Count": 6,
        "Predict": [
            [
                2600.0,
                3071.0,
                2960.0,
                3227.0,
                0.9098290801048279
            ]
        ],
        "Time": 1.0851185321807861,
        "Avg CPU": 26.80909090909091,
        "Std dev CPU": 13.861129430566223,
        "Max memory": 22.9
    },
    "img_20230106_200005.jpg": {
        "Count": 7,
        "Predict": [
            [
                3279.0,
                3104.0,
                3655.0,
                3251.0,
                0.8779553174972534
            ]
        ],
        "Time": 1.076430082321167,
        "Avg CPU": 20.40909090909091,
        "Std dev CPU": 5.0038893963505116,
        "Max memory": 22.9
    },
    "img_20230109_054503.jpg": {
        "Count": 8,
        "Predict": [
            [
                571.0,
                2465.0,
                808.0,
                2719.0,
                0.8731251358985901
            ]
        ],
        "Time": 1.0703661441802979,
        "Avg CPU": 19.772727272727273,
        "Std dev CPU": 5.47559876343965,
        "Max memory": 22.9
    },
    "img_20230107_184503.jpg": {
        "Count": 9,
        "Predict": [
            [
                3267.0,
                1935.0,
                3449.0,
                2260.0,
                0.8512215614318848
            ]
        ],
        "Time": 1.0752999782562256,
        "Avg CPU": 18.4,
        "Std dev CPU": 2.0238577025077626,
        "Max memory": 22.9
    },
    "img_20221228_213004.jpg": {
        "Count": 10,
        "Predict": [
            [
                3480.0,
                3241.0,
                3706.0,
                3432.0,
                0.7043997049331665
            ]
        ],
        "Time": 1.1462199687957764,
        "Avg CPU": 49.208333333333336,
        "Std dev CPU": 24.44695401488825,
        "Max memory": 23.5
    },
    "Load model": {
        "Avg CPU": 13.3,
        "Std dev CPU": 0.0,
        "Max memory": 18.5,
        "Load time": 0.2506828308105469
    },
    "total execution time": 19.836166381835938
}