{
    "img_20230109_050005.jpg": {
        "Count": 1,
        "Predict": [
            [
                1570.0,
                3152.0,
                1968.0,
                3312.0,
                0.8707609176635742
            ]
        ],
        "Time": 3.2376604080200195,
        "Avg CPU": 26.625,
        "Std dev CPU": 7.237982253140318,
        "Max memory": 60.5
    },
    "img_20230103_234504.jpg": {
        "Count": 2,
        "Predict": [
            [
                477.0,
                1509.0,
                693.0,
                1781.0,
                0.838437557220459
            ]
        ],
        "Time": 2.808528184890747,
        "Avg CPU": 26.0,
        "Std dev CPU": 1.0624918300339488,
        "Max memory": 60.9
    },
    "img_20230109_054503.jpg": {
        "Count": 3,
        "Predict": [
            [
                571.0,
                2466.0,
                808.0,
                2720.0,
                0.8731480836868286
            ]
        ],
        "Time": 3.2687249183654785,
        "Avg CPU": 26.178125,
        "Std dev CPU": 1.110284582815915,
        "Max memory": 60.9
    },
    "img_20230104_200004.jpg": {
        "Count": 4,
        "Predict": [
            [
                3663.0,
                1733.0,
                3792.0,
                2020.0,
                0.7966444492340088
            ]
        ],
        "Time": 3.2544384002685547,
        "Avg CPU": 26.915625,
        "Std dev CPU": 3.444219971151294,
        "Max memory": 61.6
    },
    "img_20221228_213004.jpg": {
        "Count": 5,
        "Predict": [
            [
                3480.0,
                3241.0,
                3706.0,
                3432.0,
                0.7042982578277588
            ]
        ],
        "Time": 3.217538833618164,
        "Avg CPU": 26.153125,
        "Std dev CPU": 1.4223978788673908,
        "Max memory": 61.5
    },
    "img_20221225_024503.jpg": {
        "Count": 6,
        "Predict": [
            [
                2555.0,
                2863.0,
                2850.0,
                3032.0,
                0.9092710018157959
            ]
        ],
        "Time": 3.2505502700805664,
        "Avg CPU": 26.19375,
        "Std dev CPU": 1.4282715699121633,
        "Max memory": 61.1
    },
    "img_20230104_021503.jpg": {
        "Count": 7,
        "Predict": [
            [
                2112.0,
                618.0,
                2487.0,
                786.0,
                0.8835326433181763
            ]
        ],
        "Time": 3.2682340145111084,
        "Avg CPU": 26.428125,
        "Std dev CPU": 1.9955166482764275,
        "Max memory": 61.5
    },
    "img_20230107_184503.jpg": {
        "Count": 8,
        "Predict": [
            [
                3266.0,
                1935.0,
                3448.0,
                2260.0,
                0.8512532711029053
            ]
        ],
        "Time": 3.2695374488830566,
        "Avg CPU": 26.646875,
        "Std dev CPU": 2.1879411997465534,
        "Max memory": 61.8
    },
    "img_20230106_200005.jpg": {
        "Count": 9,
        "Predict": [
            [
                3280.0,
                3103.0,
                3656.0,
                3250.0,
                0.8779696226119995
            ]
        ],
        "Time": 3.2202062606811523,
        "Avg CPU": 26.153125,
        "Std dev CPU": 1.4089539416451553,
        "Max memory": 61.4
    },
    "img_20230108_234503.jpg": {
        "Count": 10,
        "Predict": [
            [
                2600.0,
                3071.0,
                2961.0,
                3227.0,
                0.9098425507545471
            ]
        ],
        "Time": 3.176018238067627,
        "Avg CPU": 26.378125,
        "Std dev CPU": 1.4796979584993344,
        "Max memory": 61.0
    },
    "Load model": {
        "Avg CPU": 4.35,
        "Std dev CPU": 6.151828996322963,
        "Max memory": 43.1,
        "Load time": 0.7513773441314697
    },
    "total execution time": 50.58322763442993
}