{
    "img_20221225_024503.jpg": {
        "Count": 1,
        "Predict": [
            [
                1178.0,
                889.0,
                3516.0,
                2644.0,
                0.9092763066291809
            ]
        ],
        "Time": 1.1561827659606934,
        "Avg CPU": 15.583333333333332,
        "Std dev CPU": 5.0248171985444285,
        "Max memory": 22.9
    },
    "img_20230103_234504.jpg": {
        "Count": 2,
        "Predict": [
            [
                1171.0,
                884.0,
                3508.0,
                2639.0,
                0.8384101390838623
            ]
        ],
        "Time": 1.0697593688964844,
        "Avg CPU": 17.672727272727272,
        "Std dev CPU": 1.4765438761451755,
        "Max memory": 23.1
    },
    "img_20230109_050005.jpg": {
        "Count": 3,
        "Predict": [
            [
                1175.0,
                890.0,
                3513.0,
                2645.0,
                0.8709758520126343
            ]
        ],
        "Time": 1.0660169124603271,
        "Avg CPU": 17.554545454545455,
        "Std dev CPU": 1.1192529976405123,
        "Max memory": 23.2
    },
    "img_20230104_200004.jpg": {
        "Count": 4,
        "Predict": [
            [
                1183.0,
                885.0,
                3520.0,
                2640.0,
                0.7970269918441772
            ]
        ],
        "Time": 1.064728021621704,
        "Avg CPU": 17.90909090909091,
        "Std dev CPU": 2.8243422404002474,
        "Max memory": 23.2
    },
    "img_20230104_021503.jpg": {
        "Count": 5,
        "Predict": [
            [
                1177.0,
                880.0,
                3515.0,
                2635.0,
                0.8834937810897827
            ]
        ],
        "Time": 1.0664708614349365,
        "Avg CPU": 17.49090909090909,
        "Std dev CPU": 1.4631845717164635,
        "Max memory": 23.2
    },
    "img_20230108_234503.jpg": {
        "Count": 6,
        "Predict": [
            [
                1179.0,
                890.0,
                3517.0,
                2645.0,
                0.9098290801048279
            ]
        ],
        "Time": 1.0714035034179688,
        "Avg CPU": 19.99090909090909,
        "Std dev CPU": 6.525864624010299,
        "Max memory": 23.3
    },
    "img_20230106_200005.jpg": {
        "Count": 7,
        "Predict": [
            [
                1181.0,
                890.0,
                3519.0,
                2645.0,
                0.8779553174972534
            ]
        ],
        "Time": 1.072084665298462,
        "Avg CPU": 17.909090909090907,
        "Std dev CPU": 1.5877370975413692,
        "Max memory": 23.2
    },
    "img_20230109_054503.jpg": {
        "Count": 8,
        "Predict": [
            [
                1170.0,
                888.0,
                3508.0,
                2643.0,
                0.8731251358985901
            ]
        ],
        "Time": 1.0718662738800049,
        "Avg CPU": 17.627272727272725,
        "Std dev CPU": 1.5362883252117163,
        "Max memory": 23.2
    },
    "img_20230107_184503.jpg": {
        "Count": 9,
        "Predict": [
            [
                1182.0,
                885.0,
                3519.0,
                2641.0,
                0.8512215614318848
            ]
        ],
        "Time": 1.073474645614624,
        "Avg CPU": 19.99090909090909,
        "Std dev CPU": 5.426500630324214,
        "Max memory": 23.3
    },
    "img_20221228_213004.jpg": {
        "Count": 10,
        "Predict": [
            [
                1182.0,
                890.0,
                3520.0,
                2645.0,
                0.7043997049331665
            ]
        ],
        "Time": 1.0755994319915771,
        "Avg CPU": 17.909090909090907,
        "Std dev CPU": 1.3931651341133582,
        "Max memory": 23.2
    },
    "Load model": {
        "Avg CPU": 50.0,
        "Std dev CPU": 0.0,
        "Max memory": 18.9,
        "Load time": 0.09555482864379883
    },
    "total execution time": 19.451780319213867
}