{
    "img_20221225_024503.jpg": {
        "Count": 1,
        "Predict": [
            [
                1178.0,
                889.0,
                3516.0,
                2644.0,
                0.9092763066291809
            ]
        ],
        "Time": 1.1463744640350342,
        "Avg CPU": 16.225,
        "Std dev CPU": 5.281894460409929,
        "Max memory": 23.1
    },
    "img_20230103_234504.jpg": {
        "Count": 2,
        "Predict": [
            [
                1171.0,
                884.0,
                3508.0,
                2639.0,
                0.8384101390838623
            ]
        ],
        "Time": 1.0603947639465332,
        "Avg CPU": 17.536363636363635,
        "Std dev CPU": 1.41015795375747,
        "Max memory": 23.2
    },
    "img_20230109_050005.jpg": {
        "Count": 3,
        "Predict": [
            [
                1175.0,
                890.0,
                3513.0,
                2645.0,
                0.8709758520126343
            ]
        ],
        "Time": 1.059659719467163,
        "Avg CPU": 17.618181818181817,
        "Std dev CPU": 1.163458793269605,
        "Max memory": 23.3
    },
    "img_20230104_200004.jpg": {
        "Count": 4,
        "Predict": [
            [
                1183.0,
                885.0,
                3520.0,
                2640.0,
                0.7970269918441772
            ]
        ],
        "Time": 1.0644073486328125,
        "Avg CPU": 17.472727272727273,
        "Std dev CPU": 1.5792978877279036,
        "Max memory": 23.4
    },
    "img_20230104_021503.jpg": {
        "Count": 5,
        "Predict": [
            [
                1177.0,
                880.0,
                3515.0,
                2635.0,
                0.8834937810897827
            ]
        ],
        "Time": 1.0622317790985107,
        "Avg CPU": 17.663636363636364,
        "Std dev CPU": 1.1876638642921893,
        "Max memory": 23.4
    },
    "img_20230108_234503.jpg": {
        "Count": 6,
        "Predict": [
            [
                1179.0,
                890.0,
                3517.0,
                2645.0,
                0.9098290801048279
            ]
        ],
        "Time": 1.0609145164489746,
        "Avg CPU": 17.454545454545453,
        "Std dev CPU": 1.624415978968218,
        "Max memory": 23.4
    },
    "img_20230106_200005.jpg": {
        "Count": 7,
        "Predict": [
            [
                1181.0,
                890.0,
                3519.0,
                2645.0,
                0.8779553174972534
            ]
        ],
        "Time": 1.0602025985717773,
        "Avg CPU": 21.209090909090907,
        "Std dev CPU": 4.302895431091614,
        "Max memory": 23.4
    },
    "img_20230109_054503.jpg": {
        "Count": 8,
        "Predict": [
            [
                1170.0,
                888.0,
                3508.0,
                2643.0,
                0.8731251358985901
            ]
        ],
        "Time": 1.059976577758789,
        "Avg CPU": 17.863636363636363,
        "Std dev CPU": 1.6415070680766066,
        "Max memory": 23.4
    },
    "img_20230107_184503.jpg": {
        "Count": 9,
        "Predict": [
            [
                1182.0,
                885.0,
                3519.0,
                2641.0,
                0.8512215614318848
            ]
        ],
        "Time": 1.0640249252319336,
        "Avg CPU": 17.445454545454545,
        "Std dev CPU": 1.4187061967607226,
        "Max memory": 23.4
    },
    "img_20221228_213004.jpg": {
        "Count": 10,
        "Predict": [
            [
                1182.0,
                890.0,
                3520.0,
                2645.0,
                0.7043997049331665
            ]
        ],
        "Time": 1.0614590644836426,
        "Avg CPU": 18.118181818181817,
        "Std dev CPU": 2.5891381507436724,
        "Max memory": 23.4
    },
    "Load model": {
        "Avg CPU": 0.0,
        "Std dev CPU": 0.0,
        "Max memory": 19.0,
        "Load time": 0.09504890441894531
    },
    "total execution time": 19.439249992370605
}