{
    "img_20221225_024503.jpg": {
        "Count": 1,
        "Predict": [
            [
                1178.0,
                889.0,
                3516.0,
                2644.0,
                0.9092763066291809
            ]
        ],
        "Time": 1.1538639068603516,
        "Avg CPU": 15.7,
        "Std dev CPU": 5.010352918072375,
        "Max memory": 23.1
    },
    "img_20230103_234504.jpg": {
        "Count": 2,
        "Predict": [
            [
                1171.0,
                884.0,
                3508.0,
                2639.0,
                0.8384101390838623
            ]
        ],
        "Time": 1.0679173469543457,
        "Avg CPU": 17.5,
        "Std dev CPU": 1.6822603841260724,
        "Max memory": 23.3
    },
    "img_20230109_050005.jpg": {
        "Count": 3,
        "Predict": [
            [
                1175.0,
                890.0,
                3513.0,
                2645.0,
                0.8709758520126343
            ]
        ],
        "Time": 1.0668141841888428,
        "Avg CPU": 17.736363636363635,
        "Std dev CPU": 1.2010601377722334,
        "Max memory": 23.4
    },
    "img_20230104_200004.jpg": {
        "Count": 4,
        "Predict": [
            [
                1183.0,
                885.0,
                3520.0,
                2640.0,
                0.7970269918441772
            ]
        ],
        "Time": 1.0703835487365723,
        "Avg CPU": 17.59090909090909,
        "Std dev CPU": 1.7455397706466307,
        "Max memory": 23.4
    },
    "img_20230104_021503.jpg": {
        "Count": 5,
        "Predict": [
            [
                1177.0,
                880.0,
                3515.0,
                2635.0,
                0.8834937810897827
            ]
        ],
        "Time": 1.0690224170684814,
        "Avg CPU": 17.854545454545455,
        "Std dev CPU": 1.206949573398687,
        "Max memory": 23.4
    },
    "img_20230108_234503.jpg": {
        "Count": 6,
        "Predict": [
            [
                1179.0,
                890.0,
                3517.0,
                2645.0,
                0.9098290801048279
            ]
        ],
        "Time": 1.0698051452636719,
        "Avg CPU": 17.554545454545455,
        "Std dev CPU": 1.6095736307256263,
        "Max memory": 23.4
    },
    "img_20230106_200005.jpg": {
        "Count": 7,
        "Predict": [
            [
                1181.0,
                890.0,
                3519.0,
                2645.0,
                0.8779553174972534
            ]
        ],
        "Time": 1.066007375717163,
        "Avg CPU": 17.636363636363637,
        "Std dev CPU": 1.5480779872297956,
        "Max memory": 23.4
    },
    "img_20230109_054503.jpg": {
        "Count": 8,
        "Predict": [
            [
                1170.0,
                888.0,
                3508.0,
                2643.0,
                0.8731251358985901
            ]
        ],
        "Time": 1.0730597972869873,
        "Avg CPU": 17.527272727272727,
        "Std dev CPU": 1.7521934305840268,
        "Max memory": 23.4
    },
    "img_20230107_184503.jpg": {
        "Count": 9,
        "Predict": [
            [
                1182.0,
                885.0,
                3519.0,
                2641.0,
                0.8512216210365295
            ]
        ],
        "Time": 1.0722017288208008,
        "Avg CPU": 17.772727272727273,
        "Std dev CPU": 1.2977603084475264,
        "Max memory": 23.4
    },
    "img_20221228_213004.jpg": {
        "Count": 10,
        "Predict": [
            [
                1182.0,
                890.0,
                3520.0,
                2645.0,
                0.7043997049331665
            ]
        ],
        "Time": 1.0675299167633057,
        "Avg CPU": 17.563636363636363,
        "Std dev CPU": 1.7631067620950966,
        "Max memory": 23.4
    },
    "Load model": {
        "Avg CPU": 9.299999999999999,
        "Std dev CPU": 10.74802307403552,
        "Max memory": 19.0,
        "Load time": 5.429407119750977
    },
    "total execution time": 24.788076162338257
}