{
    "img_20230109_050005.jpg": {
        "Count": 1,
        "Predict": [
            [
                1570.0,
                3152.0,
                1968.0,
                3312.0,
                0.8707609176635742
            ]
        ],
        "Time": 0.9899260997772217,
        "Avg CPU": 22.73,
        "Std dev CPU": 8.05481912342612,
        "Max memory": 15.9
    },
    "img_20230103_234504.jpg": {
        "Count": 2,
        "Predict": [
            [
                477.0,
                1509.0,
                693.0,
                1781.0,
                0.838437557220459
            ]
        ],
        "Time": 0.9485807418823242,
        "Avg CPU": 32.86,
        "Std dev CPU": 14.592402894048062,
        "Max memory": 15.9
    },
    "img_20230109_054503.jpg": {
        "Count": 3,
        "Predict": [
            [
                571.0,
                2466.0,
                808.0,
                2720.0,
                0.8731480836868286
            ]
        ],
        "Time": 0.9103066921234131,
        "Avg CPU": 25.92222222222222,
        "Std dev CPU": 2.4071652299841086,
        "Max memory": 15.0
    },
    "img_20230104_200004.jpg": {
        "Count": 4,
        "Predict": [
            [
                3663.0,
                1733.0,
                3792.0,
                2020.0,
                0.7966444492340088
            ]
        ],
        "Time": 0.9088578224182129,
        "Avg CPU": 25.766666666666666,
        "Std dev CPU": 1.89208879284245,
        "Max memory": 15.0
    },
    "img_20221228_213004.jpg": {
        "Count": 5,
        "Predict": [
            [
                3480.0,
                3241.0,
                3706.0,
                3432.0,
                0.7042982578277588
            ]
        ],
        "Time": 0.9419867992401123,
        "Avg CPU": 34.87,
        "Std dev CPU": 18.997078722793145,
        "Max memory": 15.0
    },
    "img_20221225_024503.jpg": {
        "Count": 6,
        "Predict": [
            [
                2555.0,
                2863.0,
                2850.0,
                3032.0,
                0.9092710018157959
            ]
        ],
        "Time": 0.9078044891357422,
        "Avg CPU": 26.866666666666667,
        "Std dev CPU": 4.391753636077506,
        "Max memory": 14.6
    },
    "img_20230104_021503.jpg": {
        "Count": 7,
        "Predict": [
            [
                2112.0,
                618.0,
                2487.0,
                786.0,
                0.8835326433181763
            ]
        ],
        "Time": 0.9074540138244629,
        "Avg CPU": 26.4,
        "Std dev CPU": 1.7492855684535897,
        "Max memory": 14.6
    },
    "img_20230107_184503.jpg": {
        "Count": 8,
        "Predict": [
            [
                3266.0,
                1935.0,
                3448.0,
                2260.0,
                0.8512532711029053
            ]
        ],
        "Time": 0.9074313640594482,
        "Avg CPU": 26.177777777777777,
        "Std dev CPU": 1.7676098111417136,
        "Max memory": 14.6
    },
    "img_20230106_200005.jpg": {
        "Count": 9,
        "Predict": [
            [
                3280.0,
                3103.0,
                3656.0,
                3250.0,
                0.8779696226119995
            ]
        ],
        "Time": 0.9079136848449707,
        "Avg CPU": 25.944444444444446,
        "Std dev CPU": 2.3319043243190274,
        "Max memory": 14.6
    },
    "img_20230108_234503.jpg": {
        "Count": 10,
        "Predict": [
            [
                2600.0,
                3071.0,
                2961.0,
                3227.0,
                0.9098425507545471
            ]
        ],
        "Time": 0.9074580669403076,
        "Avg CPU": 25.977777777777778,
        "Std dev CPU": 1.7647788655932062,
        "Max memory": 14.6
    },
    "Load model": {
        "Avg CPU": 4.7,
        "Std dev CPU": 0.0,
        "Max memory": 13.9,
        "Load time": 0.37080812454223633
    },
    "total execution time": 16.43810796737671
}