{
    "img_20230109_050005.jpg": {
        "Count": 1,
        "Predict": [
            [
                1570.0,
                3152.0,
                1968.0,
                3312.0,
                0.8707609176635742
            ]
        ],
        "Time": 1.0027737617492676,
        "Avg CPU": 22.86,
        "Std dev CPU": 8.066969691278132,
        "Max memory": 14.0
    },
    "img_20230103_234504.jpg": {
        "Count": 2,
        "Predict": [
            [
                477.0,
                1509.0,
                693.0,
                1781.0,
                0.838437557220459
            ]
        ],
        "Time": 0.9249000549316406,
        "Avg CPU": 25.71,
        "Std dev CPU": 1.5765292399586015,
        "Max memory": 14.0
    },
    "img_20230109_054503.jpg": {
        "Count": 3,
        "Predict": [
            [
                571.0,
                2466.0,
                808.0,
                2720.0,
                0.8731480836868286
            ]
        ],
        "Time": 0.9192142486572266,
        "Avg CPU": 25.63,
        "Std dev CPU": 1.1175866856758812,
        "Max memory": 14.0
    },
    "img_20230104_200004.jpg": {
        "Count": 4,
        "Predict": [
            [
                3663.0,
                1733.0,
                3792.0,
                2020.0,
                0.7966444492340088
            ]
        ],
        "Time": 0.921360969543457,
        "Avg CPU": 25.47,
        "Std dev CPU": 0.8615876817441936,
        "Max memory": 14.1
    },
    "img_20221228_213004.jpg": {
        "Count": 5,
        "Predict": [
            [
                3480.0,
                3241.0,
                3706.0,
                3432.0,
                0.7042982578277588
            ]
        ],
        "Time": 0.9220967292785645,
        "Avg CPU": 25.96,
        "Std dev CPU": 1.7276830985134077,
        "Max memory": 14.1
    },
    "img_20221225_024503.jpg": {
        "Count": 6,
        "Predict": [
            [
                2555.0,
                2863.0,
                2850.0,
                3032.0,
                0.9092710018157959
            ]
        ],
        "Time": 0.9206748008728027,
        "Avg CPU": 25.82,
        "Std dev CPU": 1.0972693379476166,
        "Max memory": 14.1
    },
    "img_20230104_021503.jpg": {
        "Count": 7,
        "Predict": [
            [
                2112.0,
                618.0,
                2487.0,
                786.0,
                0.8835326433181763
            ]
        ],
        "Time": 0.9212210178375244,
        "Avg CPU": 25.73,
        "Std dev CPU": 0.9499122766515514,
        "Max memory": 14.1
    },
    "img_20230107_184503.jpg": {
        "Count": 8,
        "Predict": [
            [
                3266.0,
                1935.0,
                3448.0,
                2260.0,
                0.8512532711029053
            ]
        ],
        "Time": 0.9204714298248291,
        "Avg CPU": 25.71,
        "Std dev CPU": 1.3617390841616221,
        "Max memory": 14.1
    },
    "img_20230106_200005.jpg": {
        "Count": 9,
        "Predict": [
            [
                3280.0,
                3103.0,
                3656.0,
                3250.0,
                0.8779696226119995
            ]
        ],
        "Time": 0.920323371887207,
        "Avg CPU": 25.53,
        "Std dev CPU": 1.011105006086575,
        "Max memory": 14.1
    },
    "img_20230108_234503.jpg": {
        "Count": 10,
        "Predict": [
            [
                2600.0,
                3071.0,
                2961.0,
                3227.0,
                0.9098425507545471
            ]
        ],
        "Time": 0.9208147525787354,
        "Avg CPU": 25.95,
        "Std dev CPU": 1.1501207666057414,
        "Max memory": 14.1
    },
    "Load model": {
        "Avg CPU": 0.0,
        "Std dev CPU": 0.0,
        "Max memory": 12.0,
        "Load time": 0.3599576950073242
    },
    "total execution time": 17.026937007904053
}