{
    "img_20230109_050005.jpg": {
        "Count": 1,
        "Predict": [
            [
                1574.0,
                3150.0,
                1971.0,
                3312.0,
                0.8709758520126343
            ]
        ],
        "Time": 0.987058162689209,
        "Avg CPU": 22.91,
        "Std dev CPU": 8.239397227143906,
        "Max memory": 14.7
    },
    "img_20230103_234504.jpg": {
        "Count": 2,
        "Predict": [
            [
                477.0,
                1509.0,
                693.0,
                1781.0,
                0.8384101390838623
            ]
        ],
        "Time": 0.9170436859130859,
        "Avg CPU": 25.82,
        "Std dev CPU": 1.5244671200127609,
        "Max memory": 14.8
    },
    "img_20230109_054503.jpg": {
        "Count": 3,
        "Predict": [
            [
                571.0,
                2465.0,
                808.0,
                2719.0,
                0.8731251358985901
            ]
        ],
        "Time": 0.9151763916015625,
        "Avg CPU": 25.52,
        "Std dev CPU": 0.9986657765906138,
        "Max memory": 14.8
    },
    "img_20230104_200004.jpg": {
        "Count": 4,
        "Predict": [
            [
                3664.0,
                1733.0,
                3793.0,
                2020.0,
                0.7970269918441772
            ]
        ],
        "Time": 0.9405925273895264,
        "Avg CPU": 32.52,
        "Std dev CPU": 13.85109702835443,
        "Max memory": 14.9
    },
    "img_20221228_213004.jpg": {
        "Count": 5,
        "Predict": [
            [
                3480.0,
                3241.0,
                3706.0,
                3432.0,
                0.7043997049331665
            ]
        ],
        "Time": 1.0238938331604004,
        "Avg CPU": 64.32727272727273,
        "Std dev CPU": 8.426991267242528,
        "Max memory": 14.9
    },
    "img_20221225_024503.jpg": {
        "Count": 6,
        "Predict": [
            [
                2554.0,
                2862.0,
                2849.0,
                3031.0,
                0.9092763066291809
            ]
        ],
        "Time": 1.0404753684997559,
        "Avg CPU": 68.75454545454545,
        "Std dev CPU": 21.309592376972564,
        "Max memory": 14.6
    },
    "img_20230104_021503.jpg": {
        "Count": 7,
        "Predict": [
            [
                2112.0,
                618.0,
                2487.0,
                786.0,
                0.8834937810897827
            ]
        ],
        "Time": 0.942551851272583,
        "Avg CPU": 28.59,
        "Std dev CPU": 6.390348625509844,
        "Max memory": 14.6
    },
    "img_20230107_184503.jpg": {
        "Count": 8,
        "Predict": [
            [
                3267.0,
                1935.0,
                3449.0,
                2260.0,
                0.8512215614318848
            ]
        ],
        "Time": 0.9159226417541504,
        "Avg CPU": 25.740000000000002,
        "Std dev CPU": 1.5861904047118687,
        "Max memory": 14.6
    },
    "img_20230106_200005.jpg": {
        "Count": 9,
        "Predict": [
            [
                3279.0,
                3104.0,
                3655.0,
                3251.0,
                0.8779553174972534
            ]
        ],
        "Time": 0.9153404235839844,
        "Avg CPU": 25.77,
        "Std dev CPU": 1.1813833698959308,
        "Max memory": 14.6
    },
    "img_20230108_234503.jpg": {
        "Count": 10,
        "Predict": [
            [
                2600.0,
                3071.0,
                2960.0,
                3227.0,
                0.9098290801048279
            ]
        ],
        "Time": 0.9160890579223633,
        "Avg CPU": 25.59,
        "Std dev CPU": 0.9596874491208065,
        "Max memory": 14.6
    },
    "Load model": {
        "Avg CPU": 0.0,
        "Std dev CPU": 0.0,
        "Max memory": 12.7,
        "Load time": 0.2506978511810303
    },
    "total execution time": 17.349063634872437
}