{
    "img_20230109_050005.jpg": {
        "Count": 1,
        "Predict": [
            [
                1574.0,
                3150.0,
                1971.0,
                3312.0,
                0.8709758520126343
            ]
        ],
        "Time": 0.9894840717315674,
        "Avg CPU": 22.67,
        "Std dev CPU": 8.033271092428317,
        "Max memory": 15.3
    },
    "img_20230103_234504.jpg": {
        "Count": 2,
        "Predict": [
            [
                477.0,
                1509.0,
                693.0,
                1781.0,
                0.8384101390838623
            ]
        ],
        "Time": 0.9111521244049072,
        "Avg CPU": 26.240000000000002,
        "Std dev CPU": 1.521840990379744,
        "Max memory": 15.4
    },
    "img_20230109_054503.jpg": {
        "Count": 3,
        "Predict": [
            [
                571.0,
                2465.0,
                808.0,
                2719.0,
                0.8731251358985901
            ]
        ],
        "Time": 0.9096777439117432,
        "Avg CPU": 25.91,
        "Std dev CPU": 1.3118688958886102,
        "Max memory": 15.4
    },
    "img_20230104_200004.jpg": {
        "Count": 4,
        "Predict": [
            [
                3664.0,
                1733.0,
                3793.0,
                2020.0,
                0.7970269918441772
            ]
        ],
        "Time": 0.9091334342956543,
        "Avg CPU": 27.92,
        "Std dev CPU": 6.98264515304432,
        "Max memory": 14.7
    },
    "img_20221228_213004.jpg": {
        "Count": 5,
        "Predict": [
            [
                3480.0,
                3241.0,
                3706.0,
                3432.0,
                0.7043997049331665
            ]
        ],
        "Time": 0.9089560508728027,
        "Avg CPU": 25.84,
        "Std dev CPU": 0.9879271228182774,
        "Max memory": 14.7
    },
    "img_20221225_024503.jpg": {
        "Count": 6,
        "Predict": [
            [
                2554.0,
                2862.0,
                2849.0,
                3031.0,
                0.9092763066291809
            ]
        ],
        "Time": 0.9095385074615479,
        "Avg CPU": 25.83,
        "Std dev CPU": 1.0893933072025814,
        "Max memory": 14.7
    },
    "img_20230104_021503.jpg": {
        "Count": 7,
        "Predict": [
            [
                2112.0,
                618.0,
                2487.0,
                786.0,
                0.8834937810897827
            ]
        ],
        "Time": 0.9086847305297852,
        "Avg CPU": 25.62,
        "Std dev CPU": 1.1669523459755238,
        "Max memory": 14.7
    },
    "img_20230107_184503.jpg": {
        "Count": 8,
        "Predict": [
            [
                3267.0,
                1935.0,
                3449.0,
                2260.0,
                0.8512215614318848
            ]
        ],
        "Time": 0.9089145660400391,
        "Avg CPU": 25.490000000000002,
        "Std dev CPU": 0.9097618736057622,
        "Max memory": 14.7
    },
    "img_20230106_200005.jpg": {
        "Count": 9,
        "Predict": [
            [
                3279.0,
                3104.0,
                3655.0,
                3251.0,
                0.8779553174972534
            ]
        ],
        "Time": 0.9966001510620117,
        "Avg CPU": 51.59,
        "Std dev CPU": 33.44881495990885,
        "Max memory": 14.8
    },
    "img_20230108_234503.jpg": {
        "Count": 10,
        "Predict": [
            [
                2600.0,
                3071.0,
                2960.0,
                3227.0,
                0.9098290801048279
            ]
        ],
        "Time": 0.9096753597259521,
        "Avg CPU": 28.35,
        "Std dev CPU": 9.960728442795292,
        "Max memory": 14.3
    },
    "Load model": {
        "Avg CPU": 15.0,
        "Std dev CPU": 0.0,
        "Max memory": 13.3,
        "Load time": 0.26313304901123047
    },
    "total execution time": 17.014076232910156
}