{
    "img_20230106_200005.jpg": {
        "Count": 1,
        "Predict": [
            [
                1181.0,
                890.0,
                3519.0,
                2645.0,
                0.8779553174972534
            ]
        ],
        "Time": 0.18923473358154297,
        "Avg CPU": 1.05,
        "Std dev CPU": 1.4849242404917498,
        "Max memory": 3.5
    },
    "img_20230107_184503.jpg": {
        "Count": 2,
        "Predict": [
            [
                1182.0,
                885.0,
                3519.0,
                2641.0,
                0.8512216210365295
            ]
        ],
        "Time": 0.16522955894470215,
        "Avg CPU": 2.95,
        "Std dev CPU": 1.2020815280171306,
        "Max memory": 3.5
    },
    "img_20230108_234503.jpg": {
        "Count": 3,
        "Predict": [
            [
                1179.0,
                890.0,
                3517.0,
                2645.0,
                0.9098291397094727
            ]
        ],
        "Time": 0.15479135513305664,
        "Avg CPU": 3.05,
        "Std dev CPU": 1.34350288425444,
        "Max memory": 3.5
    },
    "img_20230103_234504.jpg": {
        "Count": 4,
        "Predict": [
            [
                1171.0,
                884.0,
                3508.0,
                2639.0,
                0.8384102582931519
            ]
        ],
        "Time": 0.11386990547180176,
        "Avg CPU": 2.8,
        "Std dev CPU": 0.9899494936611665,
        "Max memory": 3.5
    },
    "img_20230109_050005.jpg": {
        "Count": 5,
        "Predict": [
            [
                1175.0,
                890.0,
                3513.0,
                2645.0,
                0.8709758520126343
            ]
        ],
        "Time": 0.10997962951660156,
        "Avg CPU": 3.0,
        "Std dev CPU": 1.2727922061357855,
        "Max memory": 3.5
    },
    "img_20230104_200004.jpg": {
        "Count": 6,
        "Predict": [
            [
                1183.0,
                885.0,
                3520.0,
                2640.0,
                0.7970273494720459
            ]
        ],
        "Time": 0.10711312294006348,
        "Avg CPU": 3.0,
        "Std dev CPU": 1.2727922061357855,
        "Max memory": 3.5
    },
    "img_20221225_024503.jpg": {
        "Count": 7,
        "Predict": [
            [
                1178.0,
                889.0,
                3516.0,
                2644.0,
                0.9092763662338257
            ]
        ],
        "Time": 0.10739612579345703,
        "Avg CPU": 2.85,
        "Std dev CPU": 1.0606601717798212,
        "Max memory": 3.5
    },
    "img_20230104_021503.jpg": {
        "Count": 8,
        "Predict": [
            [
                1177.0,
                880.0,
                3515.0,
                2635.0,
                0.8834938406944275
            ]
        ],
        "Time": 0.11774659156799316,
        "Avg CPU": 3.05,
        "Std dev CPU": 1.34350288425444,
        "Max memory": 3.5
    },
    "img_20230109_054503.jpg": {
        "Count": 9,
        "Predict": [
            [
                1170.0,
                888.0,
                3508.0,
                2643.0,
                0.8731250762939453
            ]
        ],
        "Time": 0.10726499557495117,
        "Avg CPU": 2.8,
        "Std dev CPU": 0.7071067811865476,
        "Max memory": 3.5
    },
    "img_20221228_213004.jpg": {
        "Count": 10,
        "Predict": [
            [
                1182.0,
                890.0,
                3520.0,
                2645.0,
                0.7043997049331665
            ]
        ],
        "Time": 0.10704255104064941,
        "Avg CPU": 2.8499999999999996,
        "Std dev CPU": 0.7778174593052023,
        "Max memory": 3.5
    },
    "Load model": {
        "Avg CPU": 0.0,
        "Std dev CPU": 0.0,
        "Max memory": 3.4,
        "Load time": 0.07377290725708008
    },
    "total execution time": 4.844218969345093
}