{
    "img_20230106_200005.jpg": {
        "Count": 1,
        "Predict": [
            [
                3279.0,
                3104.0,
                3655.0,
                3251.0,
                0.8779553174972534
            ]
        ],
        "Time": 0.1884160041809082,
        "Avg CPU": 1.15,
        "Std dev CPU": 1.6263455967290592,
        "Max memory": 3.6
    },
    "img_20230107_184503.jpg": {
        "Count": 2,
        "Predict": [
            [
                3267.0,
                1935.0,
                3449.0,
                2260.0,
                0.8512216210365295
            ]
        ],
        "Time": 0.16542696952819824,
        "Avg CPU": 2.7,
        "Std dev CPU": 0.5656854249492381,
        "Max memory": 3.6
    },
    "img_20230108_234503.jpg": {
        "Count": 3,
        "Predict": [
            [
                2600.0,
                3071.0,
                2960.0,
                3227.0,
                0.9098291397094727
            ]
        ],
        "Time": 0.10728764533996582,
        "Avg CPU": 3.0999999999999996,
        "Std dev CPU": 1.4142135623730947,
        "Max memory": 3.6
    },
    "img_20230103_234504.jpg": {
        "Count": 4,
        "Predict": [
            [
                477.0,
                1509.0,
                693.0,
                1781.0,
                0.8384102582931519
            ]
        ],
        "Time": 0.10750079154968262,
        "Avg CPU": 3.0999999999999996,
        "Std dev CPU": 1.4142135623730947,
        "Max memory": 3.6
    },
    "img_20230109_050005.jpg": {
        "Count": 5,
        "Predict": [
            [
                1574.0,
                3150.0,
                1971.0,
                3312.0,
                0.8709758520126343
            ]
        ],
        "Time": 0.11466455459594727,
        "Avg CPU": 3.0,
        "Std dev CPU": 1.2727922061357855,
        "Max memory": 3.6
    },
    "img_20230104_200004.jpg": {
        "Count": 6,
        "Predict": [
            [
                3664.0,
                1733.0,
                3793.0,
                2020.0,
                0.7970273494720459
            ]
        ],
        "Time": 0.1069636344909668,
        "Avg CPU": 3.15,
        "Std dev CPU": 1.2020815280171309,
        "Max memory": 3.6
    },
    "img_20221225_024503.jpg": {
        "Count": 7,
        "Predict": [
            [
                2554.0,
                2862.0,
                2849.0,
                3031.0,
                0.9092763662338257
            ]
        ],
        "Time": 0.10694313049316406,
        "Avg CPU": 2.95,
        "Std dev CPU": 1.2020815280171306,
        "Max memory": 3.6
    },
    "img_20230104_021503.jpg": {
        "Count": 8,
        "Predict": [
            [
                2112.0,
                618.0,
                2487.0,
                786.0,
                0.8834938406944275
            ]
        ],
        "Time": 0.10753822326660156,
        "Avg CPU": 3.2,
        "Std dev CPU": 1.5556349186104044,
        "Max memory": 3.6
    },
    "img_20230109_054503.jpg": {
        "Count": 9,
        "Predict": [
            [
                571.0,
                2465.0,
                808.0,
                2719.0,
                0.8731250762939453
            ]
        ],
        "Time": 0.10848784446716309,
        "Avg CPU": 3.1999999999999997,
        "Std dev CPU": 1.2727922061357855,
        "Max memory": 3.6
    },
    "img_20221228_213004.jpg": {
        "Count": 10,
        "Predict": [
            [
                3480.0,
                3241.0,
                3706.0,
                3432.0,
                0.7043997049331665
            ]
        ],
        "Time": 0.10717439651489258,
        "Avg CPU": 3.05,
        "Std dev CPU": 1.34350288425444,
        "Max memory": 3.6
    },
    "Load model": {
        "Avg CPU": 0.0,
        "Std dev CPU": 0.0,
        "Max memory": 3.6,
        "Load time": 0.07268357276916504
    },
    "total execution time": 4.6671507358551025
}