{
    "img_20230106_200005.jpg": {
        "Count": 1,
        "Predict": [
            [
                3279.0,
                3104.0,
                3655.0,
                3251.0,
                0.8779553174972534
            ]
        ],
        "Time": 0.19042587280273438,
        "Avg CPU": 1.05,
        "Std dev CPU": 1.4849242404917498,
        "Max memory": 3.5
    },
    "img_20230107_184503.jpg": {
        "Count": 2,
        "Predict": [
            [
                3267.0,
                1935.0,
                3449.0,
                2260.0,
                0.8512216210365295
            ]
        ],
        "Time": 0.16546034812927246,
        "Avg CPU": 3.1500000000000004,
        "Std dev CPU": 1.4849242404917498,
        "Max memory": 3.5
    },
    "img_20230108_234503.jpg": {
        "Count": 3,
        "Predict": [
            [
                2600.0,
                3071.0,
                2960.0,
                3227.0,
                0.9098291397094727
            ]
        ],
        "Time": 0.15432095527648926,
        "Avg CPU": 3.25,
        "Std dev CPU": 1.3435028842544405,
        "Max memory": 3.5
    },
    "img_20230103_234504.jpg": {
        "Count": 4,
        "Predict": [
            [
                477.0,
                1509.0,
                693.0,
                1781.0,
                0.8384102582931519
            ]
        ],
        "Time": 0.16596531867980957,
        "Avg CPU": 2.85,
        "Std dev CPU": 1.0606601717798212,
        "Max memory": 3.5
    },
    "img_20230109_050005.jpg": {
        "Count": 5,
        "Predict": [
            [
                1574.0,
                3150.0,
                1971.0,
                3312.0,
                0.8709758520126343
            ]
        ],
        "Time": 0.10704445838928223,
        "Avg CPU": 3.1500000000000004,
        "Std dev CPU": 1.4849242404917498,
        "Max memory": 3.5
    },
    "img_20230104_200004.jpg": {
        "Count": 6,
        "Predict": [
            [
                3664.0,
                1733.0,
                3793.0,
                2020.0,
                0.7970273494720459
            ]
        ],
        "Time": 0.10685300827026367,
        "Avg CPU": 3.05,
        "Std dev CPU": 1.34350288425444,
        "Max memory": 3.5
    },
    "img_20221225_024503.jpg": {
        "Count": 7,
        "Predict": [
            [
                2554.0,
                2862.0,
                2849.0,
                3031.0,
                0.9092763662338257
            ]
        ],
        "Time": 0.11441731452941895,
        "Avg CPU": 3.0,
        "Std dev CPU": 1.5556349186104044,
        "Max memory": 3.5
    },
    "img_20230104_021503.jpg": {
        "Count": 8,
        "Predict": [
            [
                2112.0,
                618.0,
                2487.0,
                786.0,
                0.8834938406944275
            ]
        ],
        "Time": 0.10730147361755371,
        "Avg CPU": 3.05,
        "Std dev CPU": 1.34350288425444,
        "Max memory": 3.5
    },
    "img_20230109_054503.jpg": {
        "Count": 9,
        "Predict": [
            [
                571.0,
                2465.0,
                808.0,
                2719.0,
                0.8731250762939453
            ]
        ],
        "Time": 0.10749983787536621,
        "Avg CPU": 3.0,
        "Std dev CPU": 1.2727922061357855,
        "Max memory": 3.5
    },
    "img_20221228_213004.jpg": {
        "Count": 10,
        "Predict": [
            [
                3480.0,
                3241.0,
                3706.0,
                3432.0,
                0.7043997049331665
            ]
        ],
        "Time": 0.10692739486694336,
        "Avg CPU": 3.0,
        "Std dev CPU": 1.2727922061357855,
        "Max memory": 3.5
    },
    "Load model": {
        "Avg CPU": 0.0,
        "Std dev CPU": 0.0,
        "Max memory": 3.4,
        "Load time": 0.07546424865722656
    },
    "total execution time": 4.9866368770599365
}