{
    "img_20230106_200005.jpg": {
        "Count": 1,
        "Predict": [
            [
                3280.0,
                3103.0,
                3656.0,
                3250.0,
                0.8779696226119995
            ]
        ],
        "Time": 0.18651103973388672,
        "Avg CPU": 1.15,
        "Std dev CPU": 1.6263455967290592,
        "Max memory": 3.6
    },
    "img_20230107_184503.jpg": {
        "Count": 2,
        "Predict": [
            [
                3266.0,
                1935.0,
                3448.0,
                2260.0,
                0.8512530326843262
            ]
        ],
        "Time": 0.11296224594116211,
        "Avg CPU": 2.85,
        "Std dev CPU": 1.0606601717798212,
        "Max memory": 3.6
    },
    "img_20230108_234503.jpg": {
        "Count": 3,
        "Predict": [
            [
                2600.0,
                3071.0,
                2961.0,
                3227.0,
                0.9098424911499023
            ]
        ],
        "Time": 0.10683178901672363,
        "Avg CPU": 3.0,
        "Std dev CPU": 1.2727922061357855,
        "Max memory": 3.6
    },
    "img_20230103_234504.jpg": {
        "Count": 4,
        "Predict": [
            [
                477.0,
                1509.0,
                693.0,
                1781.0,
                0.8384376168251038
            ]
        ],
        "Time": 0.12427568435668945,
        "Avg CPU": 3.3,
        "Std dev CPU": 1.1313708498984758,
        "Max memory": 3.6
    },
    "img_20230109_050005.jpg": {
        "Count": 5,
        "Predict": [
            [
                1570.0,
                3152.0,
                1968.0,
                3312.0,
                0.8707607984542847
            ]
        ],
        "Time": 0.10670137405395508,
        "Avg CPU": 3.0999999999999996,
        "Std dev CPU": 1.4142135623730947,
        "Max memory": 3.6
    },
    "img_20230104_200004.jpg": {
        "Count": 6,
        "Predict": [
            [
                3663.0,
                1733.0,
                3792.0,
                2020.0,
                0.7966446876525879
            ]
        ],
        "Time": 0.10666823387145996,
        "Avg CPU": 3.0999999999999996,
        "Std dev CPU": 1.4142135623730947,
        "Max memory": 3.6
    },
    "img_20221225_024503.jpg": {
        "Count": 7,
        "Predict": [
            [
                2555.0,
                2863.0,
                2850.0,
                3032.0,
                0.9092710018157959
            ]
        ],
        "Time": 0.10659050941467285,
        "Avg CPU": 3.05,
        "Std dev CPU": 1.34350288425444,
        "Max memory": 3.6
    },
    "img_20230104_021503.jpg": {
        "Count": 8,
        "Predict": [
            [
                2112.0,
                618.0,
                2487.0,
                786.0,
                0.8835326433181763
            ]
        ],
        "Time": 0.10662388801574707,
        "Avg CPU": 2.9,
        "Std dev CPU": 0.8485281374238571,
        "Max memory": 3.6
    },
    "img_20230109_054503.jpg": {
        "Count": 9,
        "Predict": [
            [
                571.0,
                2466.0,
                808.0,
                2720.0,
                0.8731480836868286
            ]
        ],
        "Time": 0.10675549507141113,
        "Avg CPU": 3.05,
        "Std dev CPU": 1.0606601717798212,
        "Max memory": 3.6
    },
    "img_20221228_213004.jpg": {
        "Count": 10,
        "Predict": [
            [
                3480.0,
                3241.0,
                3706.0,
                3432.0,
                0.7042983770370483
            ]
        ],
        "Time": 0.10851287841796875,
        "Avg CPU": 3.05,
        "Std dev CPU": 1.34350288425444,
        "Max memory": 3.6
    },
    "Load model": {
        "Avg CPU": 0.0,
        "Std dev CPU": 0.0,
        "Max memory": 3.6,
        "Load time": 0.04217195510864258
    },
    "total execution time": 4.585607528686523
}