{
    "img_20230106_200005.jpg": {
        "Count": 1,
        "Predict": [
            [
                3280.0,
                3103.0,
                3656.0,
                3250.0,
                0.8779696226119995
            ]
        ],
        "Time": 0.1866159439086914,
        "Avg CPU": 1.15,
        "Std dev CPU": 1.6263455967290592,
        "Max memory": 3.5
    },
    "img_20230107_184503.jpg": {
        "Count": 2,
        "Predict": [
            [
                3266.0,
                1935.0,
                3448.0,
                2260.0,
                0.8512530326843262
            ]
        ],
        "Time": 0.16275358200073242,
        "Avg CPU": 3.0,
        "Std dev CPU": 0.9899494936611668,
        "Max memory": 3.5
    },
    "img_20230108_234503.jpg": {
        "Count": 3,
        "Predict": [
            [
                2600.0,
                3071.0,
                2961.0,
                3227.0,
                0.9098424911499023
            ]
        ],
        "Time": 0.1343395709991455,
        "Avg CPU": 3.05,
        "Std dev CPU": 1.34350288425444,
        "Max memory": 3.5
    },
    "img_20230103_234504.jpg": {
        "Count": 4,
        "Predict": [
            [
                477.0,
                1509.0,
                693.0,
                1781.0,
                0.8384376168251038
            ]
        ],
        "Time": 0.17211389541625977,
        "Avg CPU": 2.9000000000000004,
        "Std dev CPU": 0.9899494936611665,
        "Max memory": 3.5
    },
    "img_20230109_050005.jpg": {
        "Count": 5,
        "Predict": [
            [
                1570.0,
                3152.0,
                1968.0,
                3312.0,
                0.8707607984542847
            ]
        ],
        "Time": 0.1535794734954834,
        "Avg CPU": 3.3,
        "Std dev CPU": 1.1313708498984758,
        "Max memory": 3.5
    },
    "img_20230104_200004.jpg": {
        "Count": 6,
        "Predict": [
            [
                3663.0,
                1733.0,
                3792.0,
                2020.0,
                0.7966446876525879
            ]
        ],
        "Time": 0.10677695274353027,
        "Avg CPU": 2.8,
        "Std dev CPU": 0.42426406871192857,
        "Max memory": 3.5
    },
    "img_20221225_024503.jpg": {
        "Count": 7,
        "Predict": [
            [
                2555.0,
                2863.0,
                2850.0,
                3032.0,
                0.9092710018157959
            ]
        ],
        "Time": 0.10672783851623535,
        "Avg CPU": 3.0,
        "Std dev CPU": 1.2727922061357855,
        "Max memory": 3.5
    },
    "img_20230104_021503.jpg": {
        "Count": 8,
        "Predict": [
            [
                2112.0,
                618.0,
                2487.0,
                786.0,
                0.8835326433181763
            ]
        ],
        "Time": 0.1066739559173584,
        "Avg CPU": 2.75,
        "Std dev CPU": 0.9192388155425116,
        "Max memory": 3.5
    },
    "img_20230109_054503.jpg": {
        "Count": 9,
        "Predict": [
            [
                571.0,
                2466.0,
                808.0,
                2720.0,
                0.8731480836868286
            ]
        ],
        "Time": 0.1087343692779541,
        "Avg CPU": 3.1500000000000004,
        "Std dev CPU": 1.4849242404917498,
        "Max memory": 3.5
    },
    "img_20221228_213004.jpg": {
        "Count": 10,
        "Predict": [
            [
                3480.0,
                3241.0,
                3706.0,
                3432.0,
                0.7042983770370483
            ]
        ],
        "Time": 0.15787577629089355,
        "Avg CPU": 2.8499999999999996,
        "Std dev CPU": 0.7778174593052023,
        "Max memory": 3.5
    },
    "Load model": {
        "Avg CPU": 0.0,
        "Std dev CPU": 0.0,
        "Max memory": 3.4,
        "Load time": 0.03961896896362305
    },
    "total execution time": 5.258108377456665
}